Local Keywords,Month,Traffic Source,Views,Visits
taxpack,Jul-13,External,2262,942
taxpack,Jul-13,Internal,43,24
payment summary,Jul-13,External,2467,1050
payment summary,Jul-13,Internal,33,21
help,Jul-13,External,1338,645
help,Jul-13,Internal,17,11
forms,Jul-13,External,946,466
forms,Jul-13,Internal,24,13
living away from home allowance,Jul-13,External,1161,496
living away from home allowance,Jul-13,Internal,7,5
depreciation,Jul-13,External,1173,529
depreciation,Jul-13,Internal,20,12
payment summaries,Jul-13,External,1778,817
payment summaries,Jul-13,Internal,17,9
senior australians and pensioner tax offset,Jul-13,External,790,440
senior australians and pensioner tax offset,Jul-13,Internal,26,16
tax tables,Jul-13,External,942,496
tax tables,Jul-13,Internal,23,11
tax rates,Jul-13,External,699,445
tax rates,Jul-13,Internal,17,13
medicare levy,Jul-13,External,733,460
medicare levy,Jul-13,Internal,8,5
tax calculator,Jul-13,External,838,478
tax calculator,Jul-13,Internal,20,12
redundancy,Jul-13,External,820,420
redundancy,Jul-13,Internal,17,13
cents per kilometre,Jul-13,External,789,449
cents per kilometre,Jul-13,Internal,12,9
superannuation,Jul-13,External,643,345
superannuation,Jul-13,Internal,6,5
etax 2012,Jul-13,External,674,347
etax 2012,Jul-13,Internal,2,2
notice of assessment,Jul-13,External,839,466
notice of assessment,Jul-13,Internal,2,2
superseeker,Jul-13,External,581,341
superseeker,Jul-13,Internal,3,3
departing australia superannuation payment,Jul-13,External,412,257
departing australia superannuation payment,Jul-13,Internal,16,11
low income tax offset,Jul-13,External,537,352
low income tax offset,Jul-13,Internal,13,9
hecs,Jul-13,External,498,311
hecs,Jul-13,Internal,5,4
payg,Jul-13,External,629,380
payg,Jul-13,Internal,10,7
individual tax return instructions,Jul-13,External,664,399
individual tax return instructions,Jul-13,Internal,11,9
tax table,Jul-13,External,535,343
tax table,Jul-13,Internal,11,7
tax rate,Jul-13,External,451,285
tax rate,Jul-13,Internal,4,4
gst,Jul-13,External,651,283
gst,Jul-13,Internal,13,12
medical expenses,Jul-13,External,492,279
medical expenses,Jul-13,Internal,11,9
individual tax return instructions supplement,Jul-13,External,634,392
individual tax return instructions supplement,Jul-13,Internal,13,11
amendment,Jul-13,External,539,299
amendment,Jul-13,Internal,31,23
payg payment summary,Jul-13,External,754,438
payg payment summary,Jul-13,Internal,18,9
cr 2013/18,Jul-13,External,3,2
cr 2012/121,Jul-13,External,451,289
cr 2012/121,Jul-13,Internal,11,6
calculator,Jul-13,External,458,285
calculator,Jul-13,Internal,4,3
help debt,Jul-13,External,317,217
help debt,Jul-13,Internal,11,1
statutory declaration,Jul-13,External,372,217
statutory declaration,Jul-13,Internal,28,17
tax pack,Jul-13,External,494,323
tax pack,Jul-13,Internal,22,11
tax free threshold,Jul-13,External,369,264
tax free threshold,Jul-13,Internal,8,8
progress of return,Jul-13,External,517,294
progress of return,Jul-13,Internal,5,4
travel allowance,Jul-13,External,638,291
travel allowance,Jul-13,Internal,4,2
73194,Jul-13,External,430,183
73194,Jul-13,Internal,31,25
non lodgment,Jul-13,External,253,165
non lodgment,Jul-13,Internal,12,11
salary sacrifice,Jul-13,External,434,255
salary sacrifice,Jul-13,Internal,9,7
group certificate,Jul-13,External,686,360
group certificate,Jul-13,Internal,2,2
fbt,Jul-13,External,381,238
fbt,Jul-13,Internal,3,2
46,Jul-13,External,727,391
46,Jul-13,Internal,38,25
tax return,Jul-13,External,295,209
tax return,Jul-13,Internal,14,8
tax offsets,Jul-13,External,479,201
tax offsets,Jul-13,Internal,12,7
deductions,Jul-13,External,407,254
deductions,Jul-13,Internal,10,8
weekly tax table,Jul-13,External,463,289
weekly tax table,Jul-13,Internal,6,3
medicare levy surcharge,Jul-13,External,303,197
medicare levy surcharge,Jul-13,Internal,7,3
zone offset,Jul-13,External,272,162
zone offset,Jul-13,Internal,5,2
capital gains tax,Jul-13,External,303,186
capital gains tax,Jul-13,Internal,4,3
car expenses,Jul-13,External,391,224
car expenses,Jul-13,Internal,15,7
foreign resident,Jul-13,External,264,173
foreign resident,Jul-13,Internal,10,10
calculators,Jul-13,External,316,172
calculators,Jul-13,Internal,3,2
etax,Jul-13,External,398,274
etax,Jul-13,Internal,14,9
zone,Jul-13,External,343,181
zone,Jul-13,Internal,6,5
foreign exchange rates,Jul-13,External,193,140
foreign exchange rates,Jul-13,Internal,5,5
tax pack 2013,Jul-13,External,400,273
tax pack 2013,Jul-13,Internal,13,9
2843,Jul-13,External,439,199
2843,Jul-13,Internal,34,25
car allowance,Jul-13,External,454,245
car allowance,Jul-13,Internal,6,5
etax 2013,Jul-13,External,680,334
etax 2013,Jul-13,Internal,13,9
74109,Jul-13,External,877,424
74109,Jul-13,Internal,36,23
rental property,Jul-13,External,304,179
rental property,Jul-13,Internal,2,1
zone rebate,Jul-13,External,229,152
zone rebate,Jul-13,Internal,3,3
abn,Jul-13,External,247,169
abn,Jul-13,Internal,5,4
depreciation rates,Jul-13,External,474,210
depreciation rates,Jul-13,Internal,8,4
1005,Jul-13,External,482,267
1005,Jul-13,Internal,19,10
motor vehicle,Jul-13,External,361,198
motor vehicle,Jul-13,Internal,2,2
home office,Jul-13,External,299,226
home office,Jul-13,Internal,5,5
tax withheld calculator,Jul-13,External,245,178
tax withheld calculator,Jul-13,Internal,1,1
tax offset,Jul-13,External,339,201
tax offset,Jul-13,Internal,7,5
withholding tax,Jul-13,External,320,200
withholding tax,Jul-13,Internal,2,1
payg withholding,Jul-13,External,334,216
payg withholding,Jul-13,Internal,3,3
allowances,Jul-13,External,533,252
allowances,Jul-13,Internal,35,5
travel expenses,Jul-13,External,280,161
travel expenses,Jul-13,Internal,5,3
tax file number,Jul-13,External,219,145
tax file number,Jul-13,Internal,1,1
meal allowance,Jul-13,External,474,210
meal allowance,Jul-13,Internal,2,1
woolworths,Jul-13,External,555,189
woolworths,Jul-13,Internal,21,12
non resident,Jul-13,External,200,123
non resident,Jul-13,Internal,6,5
taxable payments annual report,Jul-13,External,532,315
taxable payments annual report,Jul-13,Internal,13,10
fortnightly tax table,Jul-13,External,295,212
fortnightly tax table,Jul-13,Internal,6,3
work related expenses,Jul-13,External,606,223
work related expenses,Jul-13,Internal,8,4
71050,Jul-13,External,386,232
71050,Jul-13,Internal,36,17
super,Jul-13,External,172,130
super,Jul-13,Internal,4,3
income tax rates,Jul-13,External,203,163
income tax rates,Jul-13,Internal,1,1
hobby,Jul-13,External,252,137
hobby,Jul-13,Internal,12,5
td 2012/17,Jul-13,External,303,174
td 2012/17,Jul-13,Internal,6,6
cr 2012/112,Jul-13,External,141,92
cr 2012/112,Jul-13,Internal,7,2
senior australians tax offset,Jul-13,External,217,141
senior australians tax offset,Jul-13,Internal,4,3
superannuation guarantee,Jul-13,External,245,153
superannuation guarantee,Jul-13,Internal,6,4
lump sum payments,Jul-13,External,323,193
lump sum payments,Jul-13,Internal,9,6
mileage,Jul-13,External,197,151
mileage,Jul-13,Internal,2,2
spouse,Jul-13,External,341,181
spouse,Jul-13,Internal,27,9
group certificates,Jul-13,External,471,278
group certificates,Jul-13,Internal,2,1
delayed tax return,Jul-13,External,284,116
delayed tax return,Jul-13,Internal,5,5
trust tax return instructions,Jul-13,External,376,129
trust tax return instructions,Jul-13,Internal,3,2
inheritance,Jul-13,External,204,117
inheritance,Jul-13,Internal,9,2
trust tax return instructions 2013,Jul-13,External,324,129
trust tax return instructions 2013,Jul-13,Internal,18,6
3447,Jul-13,External,323,209
3447,Jul-13,Internal,11,8
taxpack,Aug-13,External,1255,649
taxpack,Aug-13,Internal,25,12
payment summary,Aug-13,External,829,480
payment summary,Aug-13,Internal,28,19
help,Aug-13,External,1282,603
help,Aug-13,Internal,20,11
forms,Aug-13,External,1317,506
forms,Aug-13,Internal,30,10
living away from home allowance,Aug-13,External,1258,508
living away from home allowance,Aug-13,Internal,14,6
depreciation,Aug-13,External,788,438
depreciation,Aug-13,Internal,7,2
payment summaries,Aug-13,External,482,250
payment summaries,Aug-13,Internal,8,4
senior australians and pensioner tax offset,Aug-13,External,902,457
senior australians and pensioner tax offset,Aug-13,Internal,34,16
tax tables,Aug-13,External,644,396
tax tables,Aug-13,Internal,17,17
tax rates,Aug-13,External,647,393
tax rates,Aug-13,Internal,22,16
medicare levy,Aug-13,External,642,406
medicare levy,Aug-13,Internal,23,14
tax calculator,Aug-13,External,612,364
tax calculator,Aug-13,Internal,6,2
redundancy,Aug-13,External,853,394
redundancy,Aug-13,Internal,22,10
cents per kilometre,Aug-13,External,698,325
cents per kilometre,Aug-13,Internal,12,6
superannuation,Aug-13,External,666,336
superannuation,Aug-13,Internal,12,7
etax 2012,Aug-13,External,607,364
etax 2012,Aug-13,Internal,8,7
notice of assessment,Aug-13,External,552,340
notice of assessment,Aug-13,Internal,15,7
superseeker,Aug-13,External,568,342
superseeker,Aug-13,Internal,12,7
departing australia superannuation payment,Aug-13,External,539,313
departing australia superannuation payment,Aug-13,Internal,43,16
low income tax offset,Aug-13,External,699,346
low income tax offset,Aug-13,Internal,34,11
hecs,Aug-13,External,630,352
hecs,Aug-13,Internal,20,11
payg,Aug-13,External,420,274
payg,Aug-13,Internal,11,7
individual tax return instructions,Aug-13,External,380,255
individual tax return instructions,Aug-13,Internal,10,10
tax table,Aug-13,External,399,285
tax table,Aug-13,Internal,16,13
tax rate,Aug-13,External,470,330
tax rate,Aug-13,Internal,3,2
gst,Aug-13,External,573,282
gst,Aug-13,Internal,18,9
medical expenses,Aug-13,External,745,303
medical expenses,Aug-13,Internal,12,4
individual tax return instructions supplement,Aug-13,External,337,231
individual tax return instructions supplement,Aug-13,Internal,10,7
amendment,Aug-13,External,528,274
amendment,Aug-13,Internal,25,18
payg payment summary,Aug-13,External,360,230
payg payment summary,Aug-13,Internal,9,6
cr 2013/18,Aug-13,External,1155,477
cr 2013/18,Aug-13,Internal,10,4
cr 2012/121,Aug-13,External,679,317
cr 2012/121,Aug-13,Internal,8,4
calculator,Aug-13,External,395,230
calculator,Aug-13,Internal,6,4
help debt,Aug-13,External,483,287
help debt,Aug-13,Internal,8,4
statutory declaration,Aug-13,External,722,292
statutory declaration,Aug-13,Internal,43,21
tax pack,Aug-13,External,322,197
tax pack,Aug-13,Internal,27,4
tax free threshold,Aug-13,External,357,254
tax free threshold,Aug-13,Internal,4,3
progress of return,Aug-13,External,447,239
progress of return,Aug-13,Internal,9,3
travel allowance,Aug-13,External,418,182
travel allowance,Aug-13,Internal,4,4
73194,Aug-13,External,466,208
73194,Aug-13,Internal,74,60
non lodgment,Aug-13,External,379,221
non lodgment,Aug-13,Internal,23,14
salary sacrifice,Aug-13,External,341,193
salary sacrifice,Aug-13,Internal,7,4
group certificate,Aug-13,External,287,177
group certificate,Aug-13,Internal,11,8
fbt,Aug-13,External,343,216
fbt,Aug-13,Internal,8,4
46,Aug-13,External,207,140
46,Aug-13,Internal,13,9
tax return,Aug-13,External,289,199
tax return,Aug-13,Internal,14,12
tax offsets,Aug-13,External,660,224
tax offsets,Aug-13,Internal,22,6
deductions,Aug-13,External,307,188
deductions,Aug-13,Internal,9,8
weekly tax table,Aug-13,External,209,155
weekly tax table,Aug-13,Internal,4,2
medicare levy surcharge,Aug-13,External,412,210
medicare levy surcharge,Aug-13,Internal,4,3
zone offset,Aug-13,External,902,325
zone offset,Aug-13,Internal,32,11
capital gains tax,Aug-13,External,334,179
capital gains tax,Aug-13,Internal,7,6
car expenses,Aug-13,External,332,176
car expenses,Aug-13,Internal,7,4
foreign resident,Aug-13,External,279,180
foreign resident,Aug-13,Internal,6,6
calculators,Aug-13,External,384,187
calculators,Aug-13,Internal,3,3
etax,Aug-13,External,211,144
etax,Aug-13,Internal,4,2
zone,Aug-13,External,694,297
zone,Aug-13,Internal,9,6
foreign exchange rates,Aug-13,External,329,178
foreign exchange rates,Aug-13,Internal,12,7
tax pack 2013,Aug-13,External,229,146
tax pack 2013,Aug-13,Internal,9,7
2843,Aug-13,External,428,203
2843,Aug-13,Internal,17,11
car allowance,Aug-13,External,293,152
car allowance,Aug-13,Internal,4,2
etax 2013,Aug-13,External,161,109
etax 2013,Aug-13,Internal,1,1
74109,Aug-13,External,99,69
74109,Aug-13,Internal,3,3
rental property,Aug-13,External,316,155
rental property,Aug-13,Internal,8,4
zone rebate,Aug-13,External,692,277
zone rebate,Aug-13,Internal,19,5
abn,Aug-13,External,252,184
abn,Aug-13,Internal,7,6
depreciation rates,Aug-13,External,302,152
depreciation rates,Aug-13,Internal,3,3
1005,Aug-13,External,172,128
1005,Aug-13,Internal,3,3
motor vehicle,Aug-13,External,277,161
home office,Aug-13,External,213,161
home office,Aug-13,Internal,2,1
tax withheld calculator,Aug-13,External,248,176
tax withheld calculator,Aug-13,Internal,5,4
tax offset,Aug-13,External,518,185
tax offset,Aug-13,Internal,33,8
withholding tax,Aug-13,External,235,144
withholding tax,Aug-13,Internal,6,4
payg withholding,Aug-13,External,212,147
payg withholding,Aug-13,Internal,4,3
allowances,Aug-13,External,205,118
allowances,Aug-13,Internal,3,2
travel expenses,Aug-13,External,330,171
travel expenses,Aug-13,Internal,4,3
tax file number,Aug-13,External,233,169
tax file number,Aug-13,Internal,5,3
meal allowance,Aug-13,External,300,149
meal allowance,Aug-13,Internal,3,3
woolworths,Aug-13,External,561,199
woolworths,Aug-13,Internal,12,5
non resident,Aug-13,External,292,160
non resident,Aug-13,Internal,8,5
taxable payments annual report,Aug-13,External,154,95
taxable payments annual report,Aug-13,Internal,10,6
fortnightly tax table,Aug-13,External,160,125
fortnightly tax table,Aug-13,Internal,1,1
work related expenses,Aug-13,External,333,127
work related expenses,Aug-13,Internal,18,3
71050,Aug-13,External,126,77
71050,Aug-13,Internal,6,3
super,Aug-13,External,198,130
super,Aug-13,Internal,1,1
income tax rates,Aug-13,External,252,164
income tax rates,Aug-13,Internal,15,7
hobby,Aug-13,External,335,157
hobby,Aug-13,Internal,8,4
td 2012/17,Aug-13,External,264,150
td 2012/17,Aug-13,Internal,11,5
cr 2012/112,Aug-13,External,393,219
cr 2012/112,Aug-13,Internal,6,3
senior australians tax offset,Aug-13,External,311,169
senior australians tax offset,Aug-13,Internal,7,3
superannuation guarantee,Aug-13,External,233,130
superannuation guarantee,Aug-13,Internal,1,1
lump sum payments,Aug-13,External,298,136
lump sum payments,Aug-13,Internal,2,2
mileage,Aug-13,External,216,139
mileage,Aug-13,Internal,1,1
spouse,Aug-13,External,183,115
spouse,Aug-13,Internal,2,2
group certificates,Aug-13,External,121,91
delayed tax return,Aug-13,External,642,237
delayed tax return,Aug-13,Internal,25,16
trust tax return instructions,Aug-13,External,340,149
trust tax return instructions,Aug-13,Internal,5,3
inheritance,Aug-13,External,222,133
inheritance,Aug-13,Internal,1,1
trust tax return instructions 2013,Aug-13,External,460,149
trust tax return instructions 2013,Aug-13,Internal,26,6
3447,Aug-13,External,149,96
3447,Aug-13,Internal,14,13
taxpack,Sep-13,External,945,456
taxpack,Sep-13,Internal,8,8
payment summary,Sep-13,External,373,233
payment summary,Sep-13,Internal,5,4
help,Sep-13,External,773,402
help,Sep-13,Internal,14,7
forms,Sep-13,External,1004,362
forms,Sep-13,Internal,8,6
living away from home allowance,Sep-13,External,761,337
living away from home allowance,Sep-13,Internal,23,10
depreciation,Sep-13,External,809,371
depreciation,Sep-13,Internal,8,2
payment summaries,Sep-13,External,227,135
payment summaries,Sep-13,Internal,7,3
senior australians and pensioner tax offset,Sep-13,External,523,268
senior australians and pensioner tax offset,Sep-13,Internal,15,11
tax tables,Sep-13,External,455,262
tax tables,Sep-13,Internal,16,11
tax rates,Sep-13,External,473,297
tax rates,Sep-13,Internal,9,7
medicare levy,Sep-13,External,406,267
medicare levy,Sep-13,Internal,14,10
tax calculator,Sep-13,External,415,286
tax calculator,Sep-13,Internal,2,1
redundancy,Sep-13,External,549,250
redundancy,Sep-13,Internal,5,5
cents per kilometre,Sep-13,External,670,278
cents per kilometre,Sep-13,Internal,7,3
superannuation,Sep-13,External,799,357
superannuation,Sep-13,Internal,3,2
etax 2012,Sep-13,External,587,306
etax 2012,Sep-13,Internal,11,7
notice of assessment,Sep-13,External,277,193
notice of assessment,Sep-13,Internal,5,4
superseeker,Sep-13,External,589,292
superseeker,Sep-13,Internal,2,2
departing australia superannuation payment,Sep-13,External,694,329
departing australia superannuation payment,Sep-13,Internal,26,16
low income tax offset,Sep-13,External,333,213
low income tax offset,Sep-13,Internal,15,8
hecs,Sep-13,External,414,227
hecs,Sep-13,Internal,2,1
payg,Sep-13,External,414,231
payg,Sep-13,Internal,7,4
individual tax return instructions,Sep-13,External,355,207
individual tax return instructions,Sep-13,Internal,5,4
tax table,Sep-13,External,316,220
tax table,Sep-13,Internal,2,2
tax rate,Sep-13,External,419,246
tax rate,Sep-13,Internal,2,2
gst,Sep-13,External,589,257
gst,Sep-13,Internal,7,6
medical expenses,Sep-13,External,408,215
medical expenses,Sep-13,Internal,11,7
individual tax return instructions supplement,Sep-13,External,231,159
individual tax return instructions supplement,Sep-13,Internal,2,2
amendment,Sep-13,External,304,176
amendment,Sep-13,Internal,9,6
payg payment summary,Sep-13,External,201,94
cr 2013/18,Sep-13,External,579,266
cr 2012/121,Sep-13,External,219,132
cr 2012/121,Sep-13,Internal,1,1
calculator,Sep-13,External,468,204
calculator,Sep-13,Internal,6,4
help debt,Sep-13,External,341,213
help debt,Sep-13,Internal,8,2
statutory declaration,Sep-13,External,314,157
statutory declaration,Sep-13,Internal,8,7
tax pack,Sep-13,External,245,165
tax pack,Sep-13,Internal,3,3
tax free threshold,Sep-13,External,257,171
tax free threshold,Sep-13,Internal,2,2
progress of return,Sep-13,External,188,130
travel allowance,Sep-13,External,427,185
73194,Sep-13,External,424,169
73194,Sep-13,Internal,24,14
non lodgment,Sep-13,External,337,226
non lodgment,Sep-13,Internal,8,7
salary sacrifice,Sep-13,External,321,177
salary sacrifice,Sep-13,Internal,1,1
group certificate,Sep-13,External,122,82
group certificate,Sep-13,Internal,3,1
fbt,Sep-13,External,374,166
fbt,Sep-13,Internal,3,3
46,Sep-13,External,56,44
tax return,Sep-13,External,258,176
tax return,Sep-13,Internal,7,5
tax offsets,Sep-13,External,434,155
tax offsets,Sep-13,Internal,11,4
deductions,Sep-13,External,231,136
deductions,Sep-13,Internal,2,1
weekly tax table,Sep-13,External,225,136
weekly tax table,Sep-13,Internal,3,3
medicare levy surcharge,Sep-13,External,274,159
medicare levy surcharge,Sep-13,Internal,12,6
zone offset,Sep-13,External,112,69
zone offset,Sep-13,Internal,7,6
capital gains tax,Sep-13,External,371,191
capital gains tax,Sep-13,Internal,3,3
car expenses,Sep-13,External,296,152
foreign resident,Sep-13,External,274,184
foreign resident,Sep-13,Internal,9,7
calculators,Sep-13,External,603,184
calculators,Sep-13,Internal,16,7
etax,Sep-13,External,168,124
etax,Sep-13,Internal,3,1
zone,Sep-13,External,93,63
foreign exchange rates,Sep-13,External,488,215
foreign exchange rates,Sep-13,Internal,1,1
tax pack 2013,Sep-13,External,190,109
tax pack 2013,Sep-13,Internal,1,1
2843,Sep-13,External,145,101
2843,Sep-13,Internal,5,4
car allowance,Sep-13,External,247,138
car allowance,Sep-13,Internal,2,1
etax 2013,Sep-13,External,113,85
74109,Sep-13,External,16,14
74109,Sep-13,Internal,1,1
rental property,Sep-13,External,364,186
rental property,Sep-13,Internal,1,1
zone rebate,Sep-13,External,198,87
zone rebate,Sep-13,Internal,1,1
abn,Sep-13,External,255,156
abn,Sep-13,Internal,4,2
depreciation rates,Sep-13,External,295,144
1005,Sep-13,External,129,97
1005,Sep-13,Internal,1,1
motor vehicle,Sep-13,External,247,142
motor vehicle,Sep-13,Internal,1,1
home office,Sep-13,External,141,108
home office,Sep-13,Internal,1,1
tax withheld calculator,Sep-13,External,189,143
tax offset,Sep-13,External,214,95
tax offset,Sep-13,Internal,2,2
withholding tax,Sep-13,External,242,144
withholding tax,Sep-13,Internal,1,1
payg withholding,Sep-13,External,217,120
payg withholding,Sep-13,Internal,19,4
allowances,Sep-13,External,183,96
allowances,Sep-13,Internal,1,1
travel expenses,Sep-13,External,272,129
travel expenses,Sep-13,Internal,6,4
tax file number,Sep-13,External,219,151
meal allowance,Sep-13,External,184,104
meal allowance,Sep-13,Internal,1,1
woolworths,Sep-13,External,107,60
non resident,Sep-13,External,322,167
non resident,Sep-13,Internal,1,1
taxable payments annual report,Sep-13,External,40,31
taxable payments annual report,Sep-13,Internal,3,3
fortnightly tax table,Sep-13,External,141,115
fortnightly tax table,Sep-13,Internal,3,3
work related expenses,Sep-13,External,282,99
work related expenses,Sep-13,Internal,1,1
71050,Sep-13,External,193,116
71050,Sep-13,Internal,9,5
super,Sep-13,External,318,185
income tax rates,Sep-13,External,136,110
income tax rates,Sep-13,Internal,3,3
hobby,Sep-13,External,316,140
hobby,Sep-13,Internal,12,4
td 2012/17,Sep-13,External,222,106
td 2012/17,Sep-13,Internal,9,3
cr 2012/112,Sep-13,External,183,116
cr 2012/112,Sep-13,Internal,1,1
senior australians tax offset,Sep-13,External,170,113
senior australians tax offset,Sep-13,Internal,4,3
superannuation guarantee,Sep-13,External,310,140
superannuation guarantee,Sep-13,Internal,3,3
lump sum payments,Sep-13,External,130,77
lump sum payments,Sep-13,Internal,3,2
mileage,Sep-13,External,180,121
mileage,Sep-13,Internal,2,1
spouse,Sep-13,External,236,102
spouse,Sep-13,Internal,2,1
group certificates,Sep-13,External,41,37
delayed tax return,Sep-13,External,41,31
delayed tax return,Sep-13,Internal,6,1
trust tax return instructions,Sep-13,External,340,118
trust tax return instructions,Sep-13,Internal,10,4
inheritance,Sep-13,External,327,139
inheritance,Sep-13,Internal,15,4
trust tax return instructions 2013,Sep-13,External,221,100
trust tax return instructions 2013,Sep-13,Internal,7,4
3447,Sep-13,External,79,61
3447,Sep-13,Internal,5,5
help,Oct-13,External,1012,528
help,Oct-13,Internal,23,14
superseeker,Oct-13,External,620,378
superseeker,Oct-13,Internal,17,7
superannuation,Oct-13,External,761,394
superannuation,Oct-13,Internal,5,4
forms,Oct-13,External,1436,522
forms,Oct-13,Internal,34,10
departing australia superannuation payment,Oct-13,External,845,411
departing australia superannuation payment,Oct-13,Internal,32,23
gst,Oct-13,External,824,374
gst,Oct-13,Internal,20,11
depreciation,Oct-13,External,949,474
depreciation,Oct-13,Internal,24,8
tax tables,Oct-13,External,559,364
tax tables,Oct-13,Internal,21,17
tax rates,Oct-13,External,840,513
tax rates,Oct-13,Internal,58,35
cents per kilometre,Oct-13,External,865,373
cents per kilometre,Oct-13,Internal,10,5
redundancy,Oct-13,External,537,256
redundancy,Oct-13,Internal,21,5
taxpack,Oct-13,External,741,462
taxpack,Oct-13,Internal,16,13
8676,Oct-13,External,153,106
8676,Oct-13,Internal,5,5
living away from home allowance,Oct-13,External,619,293
living away from home allowance,Oct-13,Internal,9,3
tax rate,Oct-13,External,551,365
tax rate,Oct-13,Internal,15,9
senior australians and pensioner tax offset,Oct-13,External,576,327
senior australians and pensioner tax offset,Oct-13,Internal,26,15
payg,Oct-13,External,575,337
payg,Oct-13,Internal,27,11
medicare levy,Oct-13,External,487,345
medicare levy,Oct-13,Internal,27,14
hecs,Oct-13,External,464,254
hecs,Oct-13,Internal,28,7
etax 2012,Oct-13,External,756,423
etax 2012,Oct-13,Internal,9,5
tax calculator,Oct-13,External,652,382
tax calculator,Oct-13,Internal,13,5
tax table,Oct-13,External,394,290
tax table,Oct-13,Internal,19,13
tax file number,Oct-13,External,306,212
tax file number,Oct-13,Internal,7,5
medicare levy surcharge,Oct-13,External,407,240
medicare levy surcharge,Oct-13,Internal,8,7
abn,Oct-13,External,380,231
abn,Oct-13,Internal,13,7
super,Oct-13,External,445,250
super,Oct-13,Internal,4,3
tax free threshold,Oct-13,External,398,280
tax free threshold,Oct-13,Internal,12,10
foreign resident,Oct-13,External,532,258
foreign resident,Oct-13,Internal,15,9
capital gains tax,Oct-13,External,516,260
capital gains tax,Oct-13,Internal,13,6
company tax return,Oct-13,External,740,267
company tax return,Oct-13,Internal,35,10
travel allowance,Oct-13,External,483,258
travel allowance,Oct-13,Internal,7,2
salary sacrifice,Oct-13,External,492,225
salary sacrifice,Oct-13,Internal,4,4
calculator,Oct-13,External,497,236
calculator,Oct-13,Internal,9,4
hobby,Oct-13,External,427,189
hobby,Oct-13,Internal,5,5
inheritance,Oct-13,External,717,229
inheritance,Oct-13,Internal,11,5
fbt,Oct-13,External,243,171
fbt,Oct-13,Internal,1,1
1432,Oct-13,External,67,56
1432,Oct-13,Internal,3,3
73194,Oct-13,External,410,162
73194,Oct-13,Internal,67,48
non resident,Oct-13,External,439,239
non resident,Oct-13,Internal,18,9
superannuation guarantee,Oct-13,External,358,158
low income tax offset,Oct-13,External,610,337
low income tax offset,Oct-13,Internal,12,10
help debt,Oct-13,External,372,228
help debt,Oct-13,Internal,9,2
gst registration,Oct-13,External,418,175
gst registration,Oct-13,Internal,6,3
auskey,Oct-13,External,210,159
auskey,Oct-13,Internal,2,2
travel expenses,Oct-13,External,545,231
travel expenses,Oct-13,Internal,13,4
medical expenses,Oct-13,External,536,283
medical expenses,Oct-13,Internal,9,5
foreign exchange rates,Oct-13,External,289,184
foreign exchange rates,Oct-13,Internal,2,2
payg withholding,Oct-13,External,355,213
payg withholding,Oct-13,Internal,2,2
mileage,Oct-13,External,236,184
mileage,Oct-13,Internal,2,2
calculators,Oct-13,External,711,255
calculators,Oct-13,Internal,13,3
non lodgment,Oct-13,External,273,209
non lodgment,Oct-13,Internal,13,9
bas,Oct-13,External,310,214
bas,Oct-13,Internal,9,5
notice of assessment,Oct-13,External,289,221
notice of assessment,Oct-13,Internal,3,2
tax return,Oct-13,External,345,205
tax return,Oct-13,Internal,9,9
payment summary,Oct-13,External,332,201
payment summary,Oct-13,Internal,12,9
car allowance,Oct-13,External,287,156
car allowance,Oct-13,Internal,13,9
car expenses,Oct-13,External,370,207
car expenses,Oct-13,Internal,2,2
withholding tax,Oct-13,External,407,211
withholding tax,Oct-13,Internal,4,2
individual tax return instructions,Oct-13,External,533,255
individual tax return instructions,Oct-13,Internal,17,13
weekly tax table,Oct-13,External,186,142
weekly tax table,Oct-13,Internal,2,2
amendment,Oct-13,External,254,190
amendment,Oct-13,Internal,9,7
company tax return 2013,Oct-13,External,587,185
company tax return 2013,Oct-13,Internal,4,3
2943,Oct-13,External,44,35
2943,Oct-13,Internal,2,2
tfn application,Oct-13,External,273,143
tfn application,Oct-13,Internal,7,7
motor vehicle,Oct-13,External,381,190
motor vehicle,Oct-13,Internal,6,5
foreign income,Oct-13,External,468,202
foreign income,Oct-13,Internal,8,3
tax withheld calculator,Oct-13,External,198,159
tax withheld calculator,Oct-13,Internal,4,4
rental property,Oct-13,External,313,174
rental property,Oct-13,Internal,4,3
foreign exchange rate,Oct-13,External,217,136
foreign exchange rate,Oct-13,Internal,1,1
capital gains,Oct-13,External,349,168
capital gains,Oct-13,Internal,4,4
depreciation rates,Oct-13,External,263,133
depreciation rates,Oct-13,Internal,3,1
cgt,Oct-13,External,344,155
cgt,Oct-13,Internal,3,2
payg instalments,Oct-13,External,213,118
payg instalments,Oct-13,Internal,17,10
tax offsets,Oct-13,External,492,178
tax offsets,Oct-13,Internal,6,2
allowances,Oct-13,External,254,125
allowances,Oct-13,Internal,5,4
tfn,Oct-13,External,152,103
tfn,Oct-13,Internal,2,2
company tax return instructions,Oct-13,External,554,161
company tax return instructions,Oct-13,Internal,11,5
gifts,Oct-13,External,238,121
gifts,Oct-13,Internal,2,2
residency,Oct-13,External,356,159
residency,Oct-13,Internal,25,16
fortnightly tax table,Oct-13,External,147,112
fortnightly tax table,Oct-13,Internal,4,3
tax file number declaration,Oct-13,External,139,108
exchange rate,Oct-13,External,237,138
income tax rates,Oct-13,External,321,225
income tax rates,Oct-13,Internal,8,7
super guarantee,Oct-13,External,213,125
super guarantee,Oct-13,Internal,6,6
benchmark,Oct-13,External,202,99
benchmark,Oct-13,Internal,3,3
contact,Oct-13,External,152,108
contact,Oct-13,Internal,3,3
termination,Oct-13,External,197,113
termination,Oct-13,Internal,2,2
trust tax return,Oct-13,External,491,225
trust tax return,Oct-13,Internal,19,10
cr 2013/18,Oct-13,External,326,238
fuel tax credits,Oct-13,External,274,134
deductions,Oct-13,External,294,174
deductions,Oct-13,Internal,4,4
tax,Oct-13,External,159,114
tax,Oct-13,Internal,6,4
1005,Oct-13,External,139,95
1005,Oct-13,Internal,1,1
tax pack,Oct-13,External,259,157
tax pack,Oct-13,Internal,7,7
tax declaration form,Oct-13,External,149,100
tax declaration form,Oct-13,Internal,1,1
overseas income,Oct-13,External,294,182
overseas income,Oct-13,Internal,13,8
statutory declaration,Oct-13,External,220,122
statutory declaration,Oct-13,Internal,8,7
deceased estate,Oct-13,External,240,104
deceased estate,Oct-13,Internal,3,3
rental properties,Oct-13,External,204,113
rental properties,Oct-13,Internal,4,4
individual tax return instructions supplement,Oct-13,External,231,169
individual tax return instructions supplement,Oct-13,Internal,5,3
help,Nov-13,External,605,438
help,Nov-13,Internal,20,11
superseeker,Nov-13,External,488,380
superseeker,Nov-13,Internal,14,10
superannuation,Nov-13,External,664,441
superannuation,Nov-13,Internal,5,4
forms,Nov-13,External,723,381
forms,Nov-13,Internal,20,12
departing australia superannuation payment,Nov-13,External,503,354
departing australia superannuation payment,Nov-13,Internal,29,23
gst,Nov-13,External,836,415
gst,Nov-13,Internal,55,14
depreciation,Nov-13,External,593,344
depreciation,Nov-13,Internal,7,5
tax tables,Nov-13,External,330,276
tax tables,Nov-13,Internal,24,18
tax rates,Nov-13,External,332,243
tax rates,Nov-13,Internal,13,11
cents per kilometre,Nov-13,External,632,307
cents per kilometre,Nov-13,Internal,1,1
redundancy,Nov-13,External,719,351
redundancy,Nov-13,Internal,40,11
taxpack,Nov-13,External,283,228
taxpack,Nov-13,Internal,38,29
8676,Nov-13,External,97,74
8676,Nov-13,Internal,5,5
living away from home allowance,Nov-13,External,418,258
living away from home allowance,Nov-13,Internal,15,6
tax rate,Nov-13,External,308,243
tax rate,Nov-13,Internal,4,4
senior australians and pensioner tax offset,Nov-13,External,407,280
senior australians and pensioner tax offset,Nov-13,Internal,20,15
payg,Nov-13,External,244,180
payg,Nov-13,Internal,11,7
medicare levy,Nov-13,External,307,210
medicare levy,Nov-13,Internal,14,8
hecs,Nov-13,External,366,217
hecs,Nov-13,Internal,4,2
etax 2012,Nov-13,External,308,238
tax calculator,Nov-13,External,205,158
tax calculator,Nov-13,Internal,2,2
tax table,Nov-13,External,245,198
tax table,Nov-13,Internal,10,10
tax file number,Nov-13,External,264,222
tax file number,Nov-13,Internal,5,4
medicare levy surcharge,Nov-13,External,334,226
medicare levy surcharge,Nov-13,Internal,24,18
abn,Nov-13,External,296,196
abn,Nov-13,Internal,50,10
super,Nov-13,External,259,209
super,Nov-13,Internal,11,6
tax free threshold,Nov-13,External,195,160
tax free threshold,Nov-13,Internal,6,6
foreign resident,Nov-13,External,258,173
foreign resident,Nov-13,Internal,34,15
capital gains tax,Nov-13,External,264,151
capital gains tax,Nov-13,Internal,11,9
company tax return,Nov-13,External,243,129
company tax return,Nov-13,Internal,35,14
travel allowance,Nov-13,External,366,202
travel allowance,Nov-13,Internal,1,1
salary sacrifice,Nov-13,External,245,159
salary sacrifice,Nov-13,Internal,5,5
calculator,Nov-13,External,258,144
calculator,Nov-13,Internal,15,4
hobby,Nov-13,External,293,143
hobby,Nov-13,Internal,12,9
inheritance,Nov-13,External,350,114
inheritance,Nov-13,Internal,17,7
fbt,Nov-13,External,229,168
fbt,Nov-13,Internal,70,19
1432,Nov-13,External,199,145
1432,Nov-13,Internal,32,22
73194,Nov-13,External,285,163
73194,Nov-13,Internal,134,84
non resident,Nov-13,External,278,152
non resident,Nov-13,Internal,15,10
superannuation guarantee,Nov-13,External,312,159
superannuation guarantee,Nov-13,Internal,16,7
low income tax offset,Nov-13,External,166,105
low income tax offset,Nov-13,Internal,23,11
help debt,Nov-13,External,157,114
help debt,Nov-13,Internal,5,5
gst registration,Nov-13,External,264,138
gst registration,Nov-13,Internal,2,2
auskey,Nov-13,External,133,121
auskey,Nov-13,Internal,7,3
travel expenses,Nov-13,External,299,160
travel expenses,Nov-13,Internal,2,1
medical expenses,Nov-13,External,205,125
medical expenses,Nov-13,Internal,2,1
foreign exchange rates,Nov-13,External,148,127
foreign exchange rates,Nov-13,Internal,4,4
payg withholding,Nov-13,External,222,152
payg withholding,Nov-13,Internal,5,4
mileage,Nov-13,External,161,136
calculators,Nov-13,External,415,110
calculators,Nov-13,Internal,10,5
non lodgment,Nov-13,External,144,96
non lodgment,Nov-13,Internal,20,18
bas,Nov-13,External,197,137
bas,Nov-13,Internal,3,2
notice of assessment,Nov-13,External,151,125
notice of assessment,Nov-13,Internal,1,1
tax return,Nov-13,External,155,108
tax return,Nov-13,Internal,23,16
payment summary,Nov-13,External,187,137
payment summary,Nov-13,Internal,25,9
car allowance,Nov-13,External,218,139
car allowance,Nov-13,Internal,7,2
car expenses,Nov-13,External,212,136
car expenses,Nov-13,Internal,12,5
withholding tax,Nov-13,External,156,103
withholding tax,Nov-13,Internal,1,1
individual tax return instructions,Nov-13,External,146,92
individual tax return instructions,Nov-13,Internal,17,10
weekly tax table,Nov-13,External,171,143
weekly tax table,Nov-13,Internal,1,1
amendment,Nov-13,External,184,144
amendment,Nov-13,Internal,28,19
company tax return 2013,Nov-13,External,210,85
company tax return 2013,Nov-13,Internal,13,5
2943,Nov-13,External,38,21
2943,Nov-13,Internal,3,3
tfn application,Nov-13,External,163,111
tfn application,Nov-13,Internal,4,4
motor vehicle,Nov-13,External,196,117
motor vehicle,Nov-13,Internal,2,1
foreign income,Nov-13,External,137,71
foreign income,Nov-13,Internal,13,6
tax withheld calculator,Nov-13,External,134,117
tax withheld calculator,Nov-13,Internal,4,4
rental property,Nov-13,External,290,113
rental property,Nov-13,Internal,5,5
foreign exchange rate,Nov-13,External,141,100
foreign exchange rate,Nov-13,Internal,1,1
capital gains,Nov-13,External,205,107
capital gains,Nov-13,Internal,2,2
depreciation rates,Nov-13,External,193,113
cgt,Nov-13,External,113,81
cgt,Nov-13,Internal,6,4
payg instalments,Nov-13,External,80,51
payg instalments,Nov-13,Internal,18,11
tax offsets,Nov-13,External,259,80
tax offsets,Nov-13,Internal,47,12
allowances,Nov-13,External,263,106
allowances,Nov-13,Internal,13,9
tfn,Nov-13,External,143,110
tfn,Nov-13,Internal,5,4
company tax return instructions,Nov-13,External,155,78
company tax return instructions,Nov-13,Internal,11,3
gifts,Nov-13,External,173,94
gifts,Nov-13,Internal,7,3
residency,Nov-13,External,118,75
residency,Nov-13,Internal,34,19
fortnightly tax table,Nov-13,External,104,94
fortnightly tax table,Nov-13,Internal,1,1
tax file number declaration,Nov-13,External,150,105
exchange rate,Nov-13,External,168,113
exchange rate,Nov-13,Internal,2,2
income tax rates,Nov-13,External,71,66
super guarantee,Nov-13,External,139,90
super guarantee,Nov-13,Internal,4,4
benchmark,Nov-13,External,189,114
benchmark,Nov-13,Internal,2,2
contact,Nov-13,External,131,99
contact,Nov-13,Internal,1,1
termination,Nov-13,External,193,118
termination,Nov-13,Internal,4,4
trust tax return,Nov-13,External,121,56
trust tax return,Nov-13,Internal,7,7
cr 2013/18,Nov-13,External,134,87
fuel tax credits,Nov-13,External,181,133
fuel tax credits,Nov-13,Internal,6,6
deductions,Nov-13,External,126,84
deductions,Nov-13,Internal,13,7
tax,Nov-13,External,92,73
tax,Nov-13,Internal,19,8
1005,Nov-13,External,94,80
1005,Nov-13,Internal,9,9
tax pack,Nov-13,External,114,78
tax pack,Nov-13,Internal,4,4
tax declaration form,Nov-13,External,138,99
overseas income,Nov-13,External,86,51
overseas income,Nov-13,Internal,7,5
statutory declaration,Nov-13,External,92,70
statutory declaration,Nov-13,Internal,23,18
deceased estate,Nov-13,External,124,74
deceased estate,Nov-13,Internal,4,3
rental properties,Nov-13,External,142,83
rental properties,Nov-13,Internal,10,3
individual tax return instructions supplement,Nov-13,External,76,63
individual tax return instructions supplement,Nov-13,Internal,9,7
help,Dec-13,External,406,283
help,Dec-13,Internal,22,13
superseeker,Dec-13,External,326,261
superseeker,Dec-13,Internal,7,6
superannuation,Dec-13,External,525,312
superannuation,Dec-13,Internal,15,12
forms,Dec-13,External,576,285
forms,Dec-13,Internal,13,8
departing australia superannuation payment,Dec-13,External,398,303
departing australia superannuation payment,Dec-13,Internal,26,19
gst,Dec-13,External,466,242
gst,Dec-13,Internal,76,13
depreciation,Dec-13,External,376,213
depreciation,Dec-13,Internal,19,10
tax tables,Dec-13,External,300,213
tax tables,Dec-13,Internal,30,22
tax rates,Dec-13,External,185,152
tax rates,Dec-13,Internal,21,18
cents per kilometre,Dec-13,External,389,208
cents per kilometre,Dec-13,Internal,3,3
redundancy,Dec-13,External,338,210
redundancy,Dec-13,Internal,19,8
taxpack,Dec-13,External,205,166
taxpack,Dec-13,Internal,28,21
8676,Dec-13,External,604,425
8676,Dec-13,Internal,16,11
living away from home allowance,Dec-13,External,231,163
living away from home allowance,Dec-13,Internal,7,7
tax rate,Dec-13,External,209,180
tax rate,Dec-13,Internal,2,2
senior australians and pensioner tax offset,Dec-13,External,272,181
senior australians and pensioner tax offset,Dec-13,Internal,18,17
payg,Dec-13,External,264,204
payg,Dec-13,Internal,29,15
medicare levy,Dec-13,External,248,161
medicare levy,Dec-13,Internal,18,9
hecs,Dec-13,External,272,184
hecs,Dec-13,Internal,7,4
etax 2012,Dec-13,External,267,180
etax 2012,Dec-13,Internal,2,1
tax calculator,Dec-13,External,197,144
tax calculator,Dec-13,Internal,2,1
tax table,Dec-13,External,183,154
tax table,Dec-13,Internal,8,6
tax file number,Dec-13,External,219,182
tax file number,Dec-13,Internal,1,1
medicare levy surcharge,Dec-13,External,226,127
medicare levy surcharge,Dec-13,Internal,14,8
abn,Dec-13,External,227,170
abn,Dec-13,Internal,28,11
super,Dec-13,External,202,133
super,Dec-13,Internal,34,10
tax free threshold,Dec-13,External,174,126
tax free threshold,Dec-13,Internal,11,8
foreign resident,Dec-13,External,224,133
foreign resident,Dec-13,Internal,19,14
capital gains tax,Dec-13,External,152,89
capital gains tax,Dec-13,Internal,13,8
company tax return,Dec-13,External,183,98
company tax return,Dec-13,Internal,31,15
travel allowance,Dec-13,External,191,117
travel allowance,Dec-13,Internal,2,1
salary sacrifice,Dec-13,External,160,119
salary sacrifice,Dec-13,Internal,7,4
calculator,Dec-13,External,212,99
calculator,Dec-13,Internal,11,3
hobby,Dec-13,External,251,114
hobby,Dec-13,Internal,20,11
inheritance,Dec-13,External,310,128
inheritance,Dec-13,Internal,13,7
fbt,Dec-13,External,157,114
fbt,Dec-13,Internal,28,6
1432,Dec-13,External,161,114
1432,Dec-13,Internal,21,18
73194,Dec-13,External,143,79
73194,Dec-13,Internal,74,53
non resident,Dec-13,External,166,98
non resident,Dec-13,Internal,13,8
superannuation guarantee,Dec-13,External,159,101
superannuation guarantee,Dec-13,Internal,12,6
low income tax offset,Dec-13,External,98,64
low income tax offset,Dec-13,Internal,4,4
help debt,Dec-13,External,121,95
help debt,Dec-13,Internal,4,3
gst registration,Dec-13,External,197,102
gst registration,Dec-13,Internal,16,6
auskey,Dec-13,External,122,107
auskey,Dec-13,Internal,12,5
travel expenses,Dec-13,External,159,81
travel expenses,Dec-13,Internal,1,1
medical expenses,Dec-13,External,150,83
medical expenses,Dec-13,Internal,3,2
foreign exchange rates,Dec-13,External,131,102
foreign exchange rates,Dec-13,Internal,3,2
payg withholding,Dec-13,External,114,96
payg withholding,Dec-13,Internal,10,4
mileage,Dec-13,External,120,99
calculators,Dec-13,External,308,92
calculators,Dec-13,Internal,29,11
non lodgment,Dec-13,External,192,122
non lodgment,Dec-13,Internal,35,30
bas,Dec-13,External,147,78
bas,Dec-13,Internal,3,2
notice of assessment,Dec-13,External,130,91
notice of assessment,Dec-13,Internal,35,3
tax return,Dec-13,External,105,73
tax return,Dec-13,Internal,9,6
payment summary,Dec-13,External,129,95
payment summary,Dec-13,Internal,9,5
car allowance,Dec-13,External,141,95
car allowance,Dec-13,Internal,5,4
car expenses,Dec-13,External,158,89
car expenses,Dec-13,Internal,11,5
withholding tax,Dec-13,External,135,90
withholding tax,Dec-13,Internal,5,4
individual tax return instructions,Dec-13,External,119,76
individual tax return instructions,Dec-13,Internal,29,18
weekly tax table,Dec-13,External,101,93
weekly tax table,Dec-13,Internal,2,2
amendment,Dec-13,External,88,73
amendment,Dec-13,Internal,30,26
company tax return 2013,Dec-13,External,138,63
company tax return 2013,Dec-13,Internal,16,5
2943,Dec-13,External,175,71
2943,Dec-13,Internal,34,19
tfn application,Dec-13,External,119,82
tfn application,Dec-13,Internal,7,6
motor vehicle,Dec-13,External,149,95
motor vehicle,Dec-13,Internal,1,1
foreign income,Dec-13,External,118,63
foreign income,Dec-13,Internal,21,12
tax withheld calculator,Dec-13,External,130,108
tax withheld calculator,Dec-13,Internal,5,5
rental property,Dec-13,External,113,71
rental property,Dec-13,Internal,3,1
foreign exchange rate,Dec-13,External,103,72
foreign exchange rate,Dec-13,Internal,2,2
capital gains,Dec-13,External,124,56
capital gains,Dec-13,Internal,3,2
depreciation rates,Dec-13,External,118,74
cgt,Dec-13,External,86,58
cgt,Dec-13,Internal,8,7
payg instalments,Dec-13,External,116,83
payg instalments,Dec-13,Internal,52,34
tax offsets,Dec-13,External,217,77
tax offsets,Dec-13,Internal,23,10
allowances,Dec-13,External,143,73
allowances,Dec-13,Internal,7,5
tfn,Dec-13,External,84,67
tfn,Dec-13,Internal,19,6
company tax return instructions,Dec-13,External,152,70
company tax return instructions,Dec-13,Internal,18,10
gifts,Dec-13,External,178,76
gifts,Dec-13,Internal,5,4
residency,Dec-13,External,77,57
residency,Dec-13,Internal,33,18
fortnightly tax table,Dec-13,External,80,68
fortnightly tax table,Dec-13,Internal,2,2
tax file number declaration,Dec-13,External,87,64
tax file number declaration,Dec-13,Internal,2,1
exchange rate,Dec-13,External,88,41
exchange rate,Dec-13,Internal,6,4
income tax rates,Dec-13,External,48,46
income tax rates,Dec-13,Internal,1,1
super guarantee,Dec-13,External,121,65
super guarantee,Dec-13,Internal,9,6
benchmark,Dec-13,External,94,57
benchmark,Dec-13,Internal,3,3
contact,Dec-13,External,89,68
contact,Dec-13,Internal,3,2
termination,Dec-13,External,101,58
termination,Dec-13,Internal,1,1
trust tax return,Dec-13,External,118,47
trust tax return,Dec-13,Internal,15,6
cr 2013/18,Dec-13,External,73,60
fuel tax credits,Dec-13,External,48,34
fuel tax credits,Dec-13,Internal,26,13
deductions,Dec-13,External,87,43
deductions,Dec-13,Internal,6,4
tax,Dec-13,External,72,59
tax,Dec-13,Internal,51,20
1005,Dec-13,External,85,68
1005,Dec-13,Internal,4,2
tax pack,Dec-13,External,57,43
tax pack,Dec-13,Internal,15,7
tax declaration form,Dec-13,External,94,66
overseas income,Dec-13,External,70,36
overseas income,Dec-13,Internal,4,1
statutory declaration,Dec-13,External,68,50
statutory declaration,Dec-13,Internal,18,15
deceased estate,Dec-13,External,127,68
deceased estate,Dec-13,Internal,6,3
rental properties,Dec-13,External,133,55
rental properties,Dec-13,Internal,7,5
individual tax return instructions supplement,Dec-13,External,73,49
individual tax return instructions supplement,Dec-13,Internal,17,14
help,Jan-14,External,669,470
help,Jan-14,Internal,35,22
superseeker,Jan-14,External,520,375
superseeker,Jan-14,Internal,26,20
superannuation,Jan-14,External,633,387
superannuation,Jan-14,Internal,28,10
forms,Jan-14,External,622,357
forms,Jan-14,Internal,17,10
departing australia superannuation payment,Jan-14,External,589,448
departing australia superannuation payment,Jan-14,Internal,45,32
gst,Jan-14,External,606,299
gst,Jan-14,Internal,58,28
depreciation,Jan-14,External,432,254
depreciation,Jan-14,Internal,18,9
tax tables,Jan-14,External,304,233
tax tables,Jan-14,Internal,37,29
tax rates,Jan-14,External,269,227
tax rates,Jan-14,Internal,35,25
cents per kilometre,Jan-14,External,489,278
cents per kilometre,Jan-14,Internal,25,15
redundancy,Jan-14,External,392,208
redundancy,Jan-14,Internal,24,13
taxpack,Jan-14,External,245,195
taxpack,Jan-14,Internal,54,34
8676,Jan-14,External,442,337
8676,Jan-14,Internal,12,10
living away from home allowance,Jan-14,External,394,269
living away from home allowance,Jan-14,Internal,20,13
tax rate,Jan-14,External,289,232
tax rate,Jan-14,Internal,15,7
senior australians and pensioner tax offset,Jan-14,External,266,192
senior australians and pensioner tax offset,Jan-14,Internal,49,28
payg,Jan-14,External,271,179
payg,Jan-14,Internal,23,16
medicare levy,Jan-14,External,302,210
medicare levy,Jan-14,Internal,162,28
hecs,Jan-14,External,460,266
hecs,Jan-14,Internal,11,5
etax 2012,Jan-14,External,259,177
etax 2012,Jan-14,Internal,5,4
tax calculator,Jan-14,External,244,175
tax calculator,Jan-14,Internal,2,2
tax table,Jan-14,External,227,194
tax table,Jan-14,Internal,13,11
tax file number,Jan-14,External,278,235
tax file number,Jan-14,Internal,2,2
medicare levy surcharge,Jan-14,External,395,231
medicare levy surcharge,Jan-14,Internal,51,33
abn,Jan-14,External,234,185
abn,Jan-14,Internal,18,13
super,Jan-14,External,306,212
super,Jan-14,Internal,6,6
tax free threshold,Jan-14,External,279,182
tax free threshold,Jan-14,Internal,13,9
foreign resident,Jan-14,External,250,178
foreign resident,Jan-14,Internal,54,21
capital gains tax,Jan-14,External,312,172
capital gains tax,Jan-14,Internal,23,15
company tax return,Jan-14,External,270,134
company tax return,Jan-14,Internal,41,19
travel allowance,Jan-14,External,217,128
travel allowance,Jan-14,Internal,6,5
salary sacrifice,Jan-14,External,258,130
salary sacrifice,Jan-14,Internal,9,7
calculator,Jan-14,External,296,139
calculator,Jan-14,Internal,17,10
hobby,Jan-14,External,267,147
hobby,Jan-14,Internal,45,23
inheritance,Jan-14,External,395,152
inheritance,Jan-14,Internal,48,9
fbt,Jan-14,External,175,137
fbt,Jan-14,Internal,24,14
1432,Jan-14,External,225,150
1432,Jan-14,Internal,53,39
73194,Jan-14,External,135,85
73194,Jan-14,Internal,57,45
non resident,Jan-14,External,199,124
non resident,Jan-14,Internal,34,14
superannuation guarantee,Jan-14,External,282,163
superannuation guarantee,Jan-14,Internal,9,8
low income tax offset,Jan-14,External,172,111
low income tax offset,Jan-14,Internal,12,8
help debt,Jan-14,External,187,133
help debt,Jan-14,Internal,3,3
gst registration,Jan-14,External,272,144
gst registration,Jan-14,Internal,18,12
auskey,Jan-14,External,153,132
auskey,Jan-14,Internal,14,10
travel expenses,Jan-14,External,255,115
travel expenses,Jan-14,Internal,9,4
medical expenses,Jan-14,External,226,119
medical expenses,Jan-14,Internal,2,2
foreign exchange rates,Jan-14,External,124,106
foreign exchange rates,Jan-14,Internal,2,2
payg withholding,Jan-14,External,138,109
payg withholding,Jan-14,Internal,6,5
mileage,Jan-14,External,141,125
mileage,Jan-14,Internal,5,3
calculators,Jan-14,External,356,88
calculators,Jan-14,Internal,27,11
non lodgment,Jan-14,External,120,77
non lodgment,Jan-14,Internal,50,38
bas,Jan-14,External,161,109
bas,Jan-14,Internal,12,9
notice of assessment,Jan-14,External,243,143
notice of assessment,Jan-14,Internal,20,5
tax return,Jan-14,External,119,96
tax return,Jan-14,Internal,30,24
payment summary,Jan-14,External,120,92
payment summary,Jan-14,Internal,16,10
car allowance,Jan-14,External,237,122
car allowance,Jan-14,Internal,5,4
car expenses,Jan-14,External,173,112
car expenses,Jan-14,Internal,22,6
withholding tax,Jan-14,External,180,119
withholding tax,Jan-14,Internal,9,6
individual tax return instructions,Jan-14,External,121,74
individual tax return instructions,Jan-14,Internal,24,16
weekly tax table,Jan-14,External,127,111
weekly tax table,Jan-14,Internal,3,2
amendment,Jan-14,External,81,63
amendment,Jan-14,Internal,34,31
company tax return 2013,Jan-14,External,190,86
company tax return 2013,Jan-14,Internal,13,8
2943,Jan-14,External,160,80
2943,Jan-14,Internal,89,48
tfn application,Jan-14,External,221,133
tfn application,Jan-14,Internal,16,12
motor vehicle,Jan-14,External,175,104
motor vehicle,Jan-14,Internal,1,1
foreign income,Jan-14,External,209,99
foreign income,Jan-14,Internal,28,13
tax withheld calculator,Jan-14,External,81,77
tax withheld calculator,Jan-14,Internal,3,3
rental property,Jan-14,External,193,96
rental property,Jan-14,Internal,8,4
foreign exchange rate,Jan-14,External,129,93
foreign exchange rate,Jan-14,Internal,2,2
capital gains,Jan-14,External,228,101
capital gains,Jan-14,Internal,30,6
depreciation rates,Jan-14,External,167,102
depreciation rates,Jan-14,Internal,1,1
cgt,Jan-14,External,154,89
cgt,Jan-14,Internal,15,11
payg instalments,Jan-14,External,106,72
payg instalments,Jan-14,Internal,41,31
tax offsets,Jan-14,External,201,62
tax offsets,Jan-14,Internal,24,11
allowances,Jan-14,External,143,74
allowances,Jan-14,Internal,8,5
tfn,Jan-14,External,127,94
tfn,Jan-14,Internal,7,7
company tax return instructions,Jan-14,External,110,57
company tax return instructions,Jan-14,Internal,60,17
gifts,Jan-14,External,202,94
gifts,Jan-14,Internal,15,8
residency,Jan-14,External,120,62
residency,Jan-14,Internal,46,19
fortnightly tax table,Jan-14,External,124,111
fortnightly tax table,Jan-14,Internal,3,3
tax file number declaration,Jan-14,External,138,91
tax file number declaration,Jan-14,Internal,1,1
exchange rate,Jan-14,External,108,78
exchange rate,Jan-14,Internal,4,2
income tax rates,Jan-14,External,61,55
income tax rates,Jan-14,Internal,8,5
super guarantee,Jan-14,External,144,89
super guarantee,Jan-14,Internal,12,6
benchmark,Jan-14,External,83,54
benchmark,Jan-14,Internal,6,4
contact,Jan-14,External,108,87
contact,Jan-14,Internal,5,3
termination,Jan-14,External,91,62
trust tax return,Jan-14,External,97,45
trust tax return,Jan-14,Internal,17,8
cr 2013/18,Jan-14,External,30,28
fuel tax credits,Jan-14,External,58,43
fuel tax credits,Jan-14,Internal,18,13
deductions,Jan-14,External,82,46
deductions,Jan-14,Internal,13,12
tax,Jan-14,External,68,60
tax,Jan-14,Internal,77,30
1005,Jan-14,External,88,78
1005,Jan-14,Internal,19,15
tax pack,Jan-14,External,116,59
tax pack,Jan-14,Internal,24,18
tax declaration form,Jan-14,External,112,91
overseas income,Jan-14,External,152,67
overseas income,Jan-14,Internal,19,7
statutory declaration,Jan-14,External,83,53
statutory declaration,Jan-14,Internal,52,18
deceased estate,Jan-14,External,180,72
deceased estate,Jan-14,Internal,20,13
rental properties,Jan-14,External,143,88
rental properties,Jan-14,Internal,6,5
individual tax return instructions supplement,Jan-14,External,75,51
individual tax return instructions supplement,Jan-14,Internal,17,10
help,Feb-14,External,724,532
help,Feb-14,Internal,38,25
superseeker,Feb-14,External,942,732
superseeker,Feb-14,Internal,40,28
superannuation,Feb-14,External,658,417
superannuation,Feb-14,Internal,12,9
forms,Feb-14,External,699,374
forms,Feb-14,Internal,33,16
departing australia superannuation payment,Feb-14,External,422,329
departing australia superannuation payment,Feb-14,Internal,40,23
gst,Feb-14,External,764,420
gst,Feb-14,Internal,96,30
depreciation,Feb-14,External,480,279
depreciation,Feb-14,Internal,25,12
tax tables,Feb-14,External,386,310
tax tables,Feb-14,Internal,53,44
tax rates,Feb-14,External,294,237
tax rates,Feb-14,Internal,22,17
cents per kilometre,Feb-14,External,443,265
cents per kilometre,Feb-14,Internal,14,7
redundancy,Feb-14,External,526,283
redundancy,Feb-14,Internal,28,19
taxpack,Feb-14,External,200,171
taxpack,Feb-14,Internal,45,38
8676,Feb-14,External,469,334
8676,Feb-14,Internal,11,11
living away from home allowance,Feb-14,External,347,226
living away from home allowance,Feb-14,Internal,4,4
tax rate,Feb-14,External,241,185
tax rate,Feb-14,Internal,7,5
senior australians and pensioner tax offset,Feb-14,External,227,152
senior australians and pensioner tax offset,Feb-14,Internal,28,23
payg,Feb-14,External,345,252
payg,Feb-14,Internal,29,18
medicare levy,Feb-14,External,276,202
medicare levy,Feb-14,Internal,23,18
hecs,Feb-14,External,338,222
hecs,Feb-14,Internal,11,7
etax 2012,Feb-14,External,178,131
etax 2012,Feb-14,Internal,5,4
tax calculator,Feb-14,External,335,220
tax calculator,Feb-14,Internal,14,7
tax table,Feb-14,External,224,196
tax table,Feb-14,Internal,15,13
tax file number,Feb-14,External,251,213
tax file number,Feb-14,Internal,2,2
medicare levy surcharge,Feb-14,External,190,144
medicare levy surcharge,Feb-14,Internal,37,28
abn,Feb-14,External,255,197
abn,Feb-14,Internal,14,7
super,Feb-14,External,239,193
super,Feb-14,Internal,7,5
tax free threshold,Feb-14,External,199,163
tax free threshold,Feb-14,Internal,16,15
foreign resident,Feb-14,External,171,129
foreign resident,Feb-14,Internal,12,11
capital gains tax,Feb-14,External,313,186
capital gains tax,Feb-14,Internal,16,9
company tax return,Feb-14,External,358,175
company tax return,Feb-14,Internal,87,42
travel allowance,Feb-14,External,245,152
travel allowance,Feb-14,Internal,3,3
salary sacrifice,Feb-14,External,291,180
salary sacrifice,Feb-14,Internal,13,9
calculator,Feb-14,External,301,162
calculator,Feb-14,Internal,24,11
hobby,Feb-14,External,296,143
hobby,Feb-14,Internal,41,27
inheritance,Feb-14,External,370,146
inheritance,Feb-14,Internal,34,11
fbt,Feb-14,External,211,145
fbt,Feb-14,Internal,66,16
1432,Feb-14,External,361,208
1432,Feb-14,Internal,41,32
73194,Feb-14,External,74,49
73194,Feb-14,Internal,13,13
non resident,Feb-14,External,204,110
non resident,Feb-14,Internal,55,15
superannuation guarantee,Feb-14,External,257,154
superannuation guarantee,Feb-14,Internal,17,6
low income tax offset,Feb-14,External,131,91
low income tax offset,Feb-14,Internal,22,12
help debt,Feb-14,External,201,169
gst registration,Feb-14,External,224,136
gst registration,Feb-14,Internal,77,24
auskey,Feb-14,External,232,198
auskey,Feb-14,Internal,9,5
travel expenses,Feb-14,External,296,128
travel expenses,Feb-14,Internal,28,11
medical expenses,Feb-14,External,218,87
medical expenses,Feb-14,Internal,10,5
foreign exchange rates,Feb-14,External,201,170
foreign exchange rates,Feb-14,Internal,3,3
payg withholding,Feb-14,External,144,109
payg withholding,Feb-14,Internal,6,4
mileage,Feb-14,External,200,145
mileage,Feb-14,Internal,2,2
calculators,Feb-14,External,318,99
calculators,Feb-14,Internal,54,19
non lodgment,Feb-14,External,93,70
non lodgment,Feb-14,Internal,27,24
bas,Feb-14,External,179,128
bas,Feb-14,Internal,10,5
notice of assessment,Feb-14,External,103,88
notice of assessment,Feb-14,Internal,8,5
tax return,Feb-14,External,149,114
tax return,Feb-14,Internal,38,31
payment summary,Feb-14,External,146,107
payment summary,Feb-14,Internal,16,10
car allowance,Feb-14,External,203,128
car allowance,Feb-14,Internal,9,7
car expenses,Feb-14,External,159,96
car expenses,Feb-14,Internal,11,7
withholding tax,Feb-14,External,169,110
withholding tax,Feb-14,Internal,10,4
individual tax return instructions,Feb-14,External,136,65
individual tax return instructions,Feb-14,Internal,48,27
weekly tax table,Feb-14,External,152,132
weekly tax table,Feb-14,Internal,2,2
amendment,Feb-14,External,57,52
amendment,Feb-14,Internal,34,22
company tax return 2013,Feb-14,External,443,169
company tax return 2013,Feb-14,Internal,16,12
2943,Feb-14,External,285,175
2943,Feb-14,Internal,273,166
tfn application,Feb-14,External,112,96
tfn application,Feb-14,Internal,20,19
motor vehicle,Feb-14,External,153,92
motor vehicle,Feb-14,Internal,8,4
foreign income,Feb-14,External,300,122
foreign income,Feb-14,Internal,33,18
tax withheld calculator,Feb-14,External,144,116
tax withheld calculator,Feb-14,Internal,10,7
rental property,Feb-14,External,215,117
rental property,Feb-14,Internal,9,6
foreign exchange rate,Feb-14,External,242,152
foreign exchange rate,Feb-14,Internal,14,8
capital gains,Feb-14,External,150,96
capital gains,Feb-14,Internal,5,3
depreciation rates,Feb-14,External,167,108
depreciation rates,Feb-14,Internal,3,2
cgt,Feb-14,External,170,113
cgt,Feb-14,Internal,12,9
payg instalments,Feb-14,External,103,73
payg instalments,Feb-14,Internal,75,44
tax offsets,Feb-14,External,225,74
tax offsets,Feb-14,Internal,53,19
allowances,Feb-14,External,283,108
allowances,Feb-14,Internal,15,9
tfn,Feb-14,External,157,115
tfn,Feb-14,Internal,11,7
company tax return instructions,Feb-14,External,147,80
company tax return instructions,Feb-14,Internal,65,31
gifts,Feb-14,External,253,102
gifts,Feb-14,Internal,6,4
residency,Feb-14,External,101,61
residency,Feb-14,Internal,34,21
fortnightly tax table,Feb-14,External,121,105
fortnightly tax table,Feb-14,Internal,4,4
tax file number declaration,Feb-14,External,172,127
tax file number declaration,Feb-14,Internal,3,2
exchange rate,Feb-14,External,156,103
exchange rate,Feb-14,Internal,14,10
income tax rates,Feb-14,External,80,80
income tax rates,Feb-14,Internal,7,6
super guarantee,Feb-14,External,133,85
super guarantee,Feb-14,Internal,17,10
benchmark,Feb-14,External,193,123
benchmark,Feb-14,Internal,33,12
contact,Feb-14,External,135,97
contact,Feb-14,Internal,3,2
termination,Feb-14,External,162,107
termination,Feb-14,Internal,4,3
trust tax return,Feb-14,External,113,55
trust tax return,Feb-14,Internal,27,9
cr 2013/18,Feb-14,External,55,51
fuel tax credits,Feb-14,External,92,77
fuel tax credits,Feb-14,Internal,15,9
deductions,Feb-14,External,144,79
deductions,Feb-14,Internal,17,6
tax,Feb-14,External,87,75
tax,Feb-14,Internal,55,15
1005,Feb-14,External,128,100
1005,Feb-14,Internal,10,5
tax pack,Feb-14,External,83,64
tax pack,Feb-14,Internal,17,13
tax declaration form,Feb-14,External,119,87
tax declaration form,Feb-14,Internal,1,1
overseas income,Feb-14,External,126,70
overseas income,Feb-14,Internal,11,8
statutory declaration,Feb-14,External,139,57
statutory declaration,Feb-14,Internal,39,24
deceased estate,Feb-14,External,130,81
deceased estate,Feb-14,Internal,28,12
rental properties,Feb-14,External,143,68
rental properties,Feb-14,Internal,9,8
individual tax return instructions supplement,Feb-14,External,62,51
individual tax return instructions supplement,Feb-14,Internal,14,13
tax tables,Mar-14,External,362,288
tax tables,Mar-14,Internal,35,32
8676,Mar-14,External,432,330
8676,Mar-14,Internal,4,3
tax rates,Mar-14,External,324,266
tax rates,Mar-14,Internal,33,26
fbt,Mar-14,External,399,313
fbt,Mar-14,Internal,24,15
superannuation,Mar-14,External,610,432
superannuation,Mar-14,Internal,16,12
gst,Mar-14,External,600,381
gst,Mar-14,Internal,179,41
abn,Mar-14,External,339,246
abn,Mar-14,Internal,13,11
auskey,Mar-14,External,135,113
auskey,Mar-14,Internal,11,10
medicare levy,Mar-14,External,326,245
medicare levy,Mar-14,Internal,38,24
tax tables 2014,Mar-14,External,70,36
tax tables 2014,Mar-14,Internal,4,2
capital gains tax,Mar-14,External,330,188
capital gains tax,Mar-14,Internal,27,15
tax calculator,Mar-14,External,271,187
tax calculator,Mar-14,Internal,11,8
forms,Mar-14,External,571,318
forms,Mar-14,Internal,18,13
hecs,Mar-14,External,338,248
hecs,Mar-14,Internal,27,8
tax rates 2014,Mar-14,External,57,43
tax rates 2014,Mar-14,Internal,12,4
tax table,Mar-14,External,272,213
tax table,Mar-14,Internal,10,9
74109,Mar-14,External,8,6
74109,Mar-14,Internal,3,3
taxable payments annual report,Mar-14,External,28,22
taxable payments annual report,Mar-14,Internal,14,13
superseeker,Mar-14,External,447,363
superseeker,Mar-14,Internal,30,18
foreign exchange rates,Mar-14,External,208,185
foreign exchange rates,Mar-14,Internal,14,10
payg withholding,Mar-14,External,145,122
payg withholding,Mar-14,Internal,11,9
payg,Mar-14,External,336,217
payg,Mar-14,Internal,10,8
bas,Mar-14,External,171,135
bas,Mar-14,Internal,17,15
medicare levy surcharge,Mar-14,External,270,213
medicare levy surcharge,Mar-14,Internal,51,34
depreciation,Mar-14,External,580,314
depreciation,Mar-14,Internal,8,7
fringe benefits tax,Mar-14,External,208,137
fringe benefits tax,Mar-14,Internal,11,6
help,Mar-14,External,214,184
help,Mar-14,Internal,36,21
superannuation guarantee,Mar-14,External,282,177
superannuation guarantee,Mar-14,Internal,14,9
tax file number,Mar-14,External,255,191
tax file number,Mar-14,Internal,13,4
22576,Mar-14,External,163,70
22576,Mar-14,Internal,15,12
contact us,Mar-14,External,51,37
contact us,Mar-14,Internal,7,4
2943,Mar-14,External,316,170
2943,Mar-14,Internal,229,141
income tax rates,Mar-14,External,86,76
income tax rates,Mar-14,Internal,6,5
dasp,Mar-14,External,105,66
dasp,Mar-14,Internal,18,9
business portal,Mar-14,External,46,41
business portal,Mar-14,Internal,12,4
redundancy,Mar-14,External,612,308
redundancy,Mar-14,Internal,56,27
salary sacrifice,Mar-14,External,315,209
salary sacrifice,Mar-14,Internal,13,9
weekly tax table,Mar-14,External,125,106
weekly tax table,Mar-14,Internal,1,1
tax free threshold,Mar-14,External,188,151
tax free threshold,Mar-14,Internal,13,11
depreciation rates,Mar-14,External,213,128
superstream,Mar-14,External,356,217
superstream,Mar-14,Internal,9,4
tfn application,Mar-14,External,132,104
tfn application,Mar-14,Internal,9,9
change of address,Mar-14,External,119,91
change of address,Mar-14,Internal,1,1
nat forms,Mar-14,External,62,17
contact,Mar-14,External,128,106
contact,Mar-14,Internal,6,5
abn lookup,Mar-14,External,73,68
abn lookup,Mar-14,Internal,10,9
medical expenses,Mar-14,External,155,99
medical expenses,Mar-14,Internal,5,4
how to pay,Mar-14,External,88,53
how to pay,Mar-14,Internal,55,26
superannuation contributions,Mar-14,External,201,88
individual tax rates,Mar-14,External,80,76
individual tax rates,Mar-14,Internal,3,3
calculator,Mar-14,External,259,145
calculator,Mar-14,Internal,37,15
fuel tax credit calculator,Mar-14,External,27,25
fuel tax credit calculator,Mar-14,Internal,2,2
travel allowance,Mar-14,External,305,192
travel allowance,Mar-14,Internal,16,12
tfn,Mar-14,External,183,140
tfn,Mar-14,Internal,16,11
fortnightly tax table,Mar-14,External,127,108
fortnightly tax table,Mar-14,Internal,8,6
gst registration,Mar-14,External,318,163
gst registration,Mar-14,Internal,56,13
small business benchmarks,Mar-14,External,104,98
small business benchmarks,Mar-14,Internal,19,16
payg tax tables,Mar-14,External,40,30
payg tax tables,Mar-14,Internal,1,1
abn application,Mar-14,External,110,75
abn application,Mar-14,Internal,11,8
fbt 2014,Mar-14,External,143,69
help debt,Mar-14,External,128,111
help debt,Mar-14,Internal,5,5
exchange rates,Mar-14,External,94,81
exchange rates,Mar-14,Internal,3,3
tax file number declaration form,Mar-14,External,135,116
1005,Mar-14,External,85,72
1005,Mar-14,Internal,13,11
benchmarks,Mar-14,External,175,126
benchmarks,Mar-14,Internal,43,39
low income tax offset,Mar-14,External,139,89
low income tax offset,Mar-14,Internal,11,6
payg instalments,Mar-14,External,62,45
payg instalments,Mar-14,Internal,22,13
fbt return 2014,Mar-14,External,57,29
fbt return 2014,Mar-14,Internal,3,2
tax calculator 2014,Mar-14,External,19,11
weekly tax table 2014,Mar-14,External,11,8
10759,Mar-14,External,62,49
10759,Mar-14,Internal,10,9
lost super,Mar-14,External,122,99
lost super,Mar-14,Internal,2,2
fuel tax credits,Mar-14,External,40,31
fuel tax credits,Mar-14,Internal,12,10
auskey registration,Mar-14,External,7,7
auskey registration,Mar-14,Internal,2,2
tax rate,Mar-14,External,174,133
tax rate,Mar-14,Internal,11,6
cgt,Mar-14,External,184,128
cgt,Mar-14,Internal,46,10
21505,Mar-14,External,47,35
21505,Mar-14,Internal,5,5
hecs balance,Mar-14,External,80,77
3092,Mar-14,External,107,91
3092,Mar-14,Internal,9,7
division 293,Mar-14,External,241,120
division 293,Mar-14,Internal,12,8
3093,Mar-14,External,45,41
3093,Mar-14,Internal,17,16
tax declaration form,Mar-14,External,158,115
tax declaration form,Mar-14,Internal,2,2
baby bonus,Mar-14,External,561,332
baby bonus,Mar-14,Internal,55,33
register for gst,Mar-14,External,161,102
register for gst,Mar-14,Internal,7,4
calculators,Mar-14,External,272,136
calculators,Mar-14,Internal,92,18
payg calculator,Mar-14,External,36,34
etax,Mar-14,External,53,44
etax,Mar-14,Internal,6,5
withholding tax,Mar-14,External,189,119
withholding tax,Mar-14,Internal,13,3
rental property,Mar-14,External,249,124
rental property,Mar-14,Internal,6,4
tax withheld calculator,Mar-14,External,120,88
tax withheld calculator,Mar-14,Internal,14,10
tax file number declaration,Mar-14,External,171,130
tax file number declaration,Mar-14,Internal,2,2
etp,Mar-14,External,220,129
etp,Mar-14,Internal,20,8
travel expenses,Mar-14,External,363,143
travel expenses,Mar-14,Internal,21,8
cents per kilometre,Mar-14,External,271,155
cents per kilometre,Mar-14,Internal,19,12
hecs debt,Mar-14,External,110,90
hecs debt,Mar-14,Internal,1,1
car allowance,Mar-14,External,213,117
car allowance,Mar-14,Internal,10,7
inheritance,Mar-14,External,468,185
inheritance,Mar-14,Internal,25,8
payment summary,Mar-14,External,167,116
payment summary,Mar-14,Internal,21,12
hobby,Mar-14,External,296,157
hobby,Mar-14,Internal,26,21
change address,Mar-14,External,75,66
tax tables,Apr-14,External,4519,3792
tax tables,Apr-14,Internal,763,494
8676,Apr-14,External,3899,2941
8676,Apr-14,Internal,304,261
tax rates,Apr-14,External,3271,2661
tax rates,Apr-14,Internal,314,228
fbt,Apr-14,External,2327,1936
fbt,Apr-14,Internal,57,43
superannuation,Apr-14,External,2302,1806
superannuation,Apr-14,Internal,42,35
gst,Apr-14,External,2211,1614
gst,Apr-14,Internal,195,126
abn,Apr-14,External,1956,1543
abn,Apr-14,Internal,83,68
auskey,Apr-14,External,1905,1607
auskey,Apr-14,Internal,207,131
medicare levy,Apr-14,External,1903,1370
medicare levy,Apr-14,Internal,209,123
tax tables 2014,Apr-14,External,2481,1635
tax tables 2014,Apr-14,Internal,119,73
capital gains tax,Apr-14,External,1837,1435
capital gains tax,Apr-14,Internal,80,59
tax calculator,Apr-14,External,2048,1445
tax calculator,Apr-14,Internal,55,41
forms,Apr-14,External,1935,1299
forms,Apr-14,Internal,52,36
hecs,Apr-14,External,1728,1268
hecs,Apr-14,Internal,85,56
tax rates 2014,Apr-14,External,1996,1446
tax rates 2014,Apr-14,Internal,71,47
tax table,Apr-14,External,1383,1178
tax table,Apr-14,Internal,127,111
74109,Apr-14,External,1768,1257
74109,Apr-14,Internal,214,164
taxable payments annual report,Apr-14,External,1896,1264
taxable payments annual report,Apr-14,Internal,170,109
superseeker,Apr-14,External,1139,883
superseeker,Apr-14,Internal,96,74
foreign exchange rates,Apr-14,External,1214,1040
foreign exchange rates,Apr-14,Internal,48,28
payg withholding,Apr-14,External,1291,1074
payg withholding,Apr-14,Internal,49,37
payg,Apr-14,External,1215,943
payg,Apr-14,Internal,75,50
bas,Apr-14,External,1176,983
bas,Apr-14,Internal,33,29
medicare levy surcharge,Apr-14,External,1122,840
medicare levy surcharge,Apr-14,Internal,105,70
depreciation,Apr-14,External,1202,765
depreciation,Apr-14,Internal,42,22
fringe benefits tax,Apr-14,External,1219,938
fringe benefits tax,Apr-14,Internal,13,11
help,Apr-14,External,975,720
help,Apr-14,Internal,216,135
superannuation guarantee,Apr-14,External,1161,840
superannuation guarantee,Apr-14,Internal,64,30
tax file number,Apr-14,External,985,847
tax file number,Apr-14,Internal,12,10
22576,Apr-14,External,933,622
22576,Apr-14,Internal,463,342
contact us,Apr-14,External,1194,984
contact us,Apr-14,Internal,31,19
2943,Apr-14,Internal,687,371
2943,Apr-14,External,739,362
income tax rates,Apr-14,External,1054,909
income tax rates,Apr-14,Internal,36,25
dasp,Apr-14,External,1237,843
dasp,Apr-14,Internal,85,55
business portal,Apr-14,External,1040,858
business portal,Apr-14,Internal,44,36
redundancy,Apr-14,External,976,567
redundancy,Apr-14,Internal,72,34
salary sacrifice,Apr-14,External,936,659
salary sacrifice,Apr-14,Internal,77,55
weekly tax table,Apr-14,External,963,783
weekly tax table,Apr-14,Internal,17,13
tax free threshold,Apr-14,External,798,687
tax free threshold,Apr-14,Internal,58,49
depreciation rates,Apr-14,External,1124,761
depreciation rates,Apr-14,Internal,9,8
superstream,Apr-14,External,1021,650
superstream,Apr-14,Internal,22,19
tfn application,Apr-14,External,961,725
tfn application,Apr-14,Internal,44,38
change of address,Apr-14,External,1002,758
change of address,Apr-14,Internal,16,9
nat forms,Apr-14,External,1345,810
nat forms,Apr-14,Internal,33,25
contact,Apr-14,External,801,721
contact,Apr-14,Internal,17,15
abn lookup,Apr-14,External,934,728
abn lookup,Apr-14,Internal,37,33
medical expenses,Apr-14,External,1173,694
medical expenses,Apr-14,Internal,59,33
how to pay,Apr-14,External,788,670
how to pay,Apr-14,Internal,116,71
superannuation contributions,Apr-14,External,1076,712
superannuation contributions,Apr-14,Internal,33,17
individual tax rates,Apr-14,External,819,703
individual tax rates,Apr-14,Internal,27,26
calculator,Apr-14,External,835,614
calculator,Apr-14,Internal,70,31
fuel tax credit calculator,Apr-14,External,849,770
fuel tax credit calculator,Apr-14,Internal,3,3
travel allowance,Apr-14,External,932,582
travel allowance,Apr-14,Internal,25,14
tfn,Apr-14,External,746,601
tfn,Apr-14,Internal,57,33
fortnightly tax table,Apr-14,External,752,634
fortnightly tax table,Apr-14,Internal,14,13
gst registration,Apr-14,External,849,528
gst registration,Apr-14,Internal,96,46
small business benchmarks,Apr-14,External,617,519
small business benchmarks,Apr-14,Internal,120,107
payg tax tables,Apr-14,External,866,691
payg tax tables,Apr-14,Internal,10,7
abn application,Apr-14,External,856,604
abn application,Apr-14,Internal,36,27
fbt 2014,Apr-14,External,842,637
fbt 2014,Apr-14,Internal,9,6
help debt,Apr-14,External,672,572
help debt,Apr-14,Internal,28,24
exchange rates,Apr-14,External,694,610
exchange rates,Apr-14,Internal,18,17
tax file number declaration form,Apr-14,External,784,567
tax file number declaration form,Apr-14,Internal,50,28
1005,Apr-14,External,595,486
1005,Apr-14,Internal,177,130
benchmarks,Apr-14,External,493,435
benchmarks,Apr-14,Internal,99,91
low income tax offset,Apr-14,External,955,562
low income tax offset,Apr-14,Internal,61,32
payg instalments,Apr-14,External,696,576
payg instalments,Apr-14,Internal,81,52
fbt return 2014,Apr-14,External,1118,643
fbt return 2014,Apr-14,Internal,12,5
tax calculator 2014,Apr-14,External,851,649
tax calculator 2014,Apr-14,Internal,27,17
weekly tax table 2014,Apr-14,External,1138,663
weekly tax table 2014,Apr-14,Internal,4,4
10759,Apr-14,External,430,368
10759,Apr-14,Internal,273,231
lost super,Apr-14,External,654,540
lost super,Apr-14,Internal,10,9
fuel tax credits,Apr-14,External,674,554
fuel tax credits,Apr-14,Internal,75,55
auskey registration,Apr-14,External,765,623
auskey registration,Apr-14,Internal,18,15
tax rate,Apr-14,External,594,462
tax rate,Apr-14,Internal,32,25
cgt,Apr-14,External,567,441
cgt,Apr-14,Internal,57,44
21505,Apr-14,External,460,333
21505,Apr-14,Internal,312,246
hecs balance,Apr-14,External,614,528
hecs balance,Apr-14,Internal,7,7
3092,Apr-14,External,488,354
3092,Apr-14,Internal,197,153
division 293,Apr-14,External,579,384
division 293,Apr-14,Internal,138,84
3093,Apr-14,External,379,338
3093,Apr-14,Internal,220,198
tax declaration form,Apr-14,External,672,459
tax declaration form,Apr-14,Internal,10,6
baby bonus,Apr-14,External,266,170
baby bonus,Apr-14,Internal,52,37
register for gst,Apr-14,External,544,438
register for gst,Apr-14,Internal,22,18
calculators,Apr-14,External,631,380
calculators,Apr-14,Internal,49,20
payg calculator,Apr-14,External,592,513
payg calculator,Apr-14,Internal,10,6
etax,Apr-14,External,488,452
etax,Apr-14,Internal,65,47
withholding tax,Apr-14,External,587,401
withholding tax,Apr-14,Internal,30,21
rental property,Apr-14,External,606,391
rental property,Apr-14,Internal,27,18
tax withheld calculator,Apr-14,External,498,386
tax withheld calculator,Apr-14,Internal,63,46
tax file number declaration,Apr-14,External,524,374
tax file number declaration,Apr-14,Internal,30,21
etp,Apr-14,External,491,353
etp,Apr-14,Internal,47,37
travel expenses,Apr-14,External,733,360
travel expenses,Apr-14,Internal,12,10
cents per kilometre,Apr-14,External,548,347
cents per kilometre,Apr-14,Internal,12,4
hecs debt,Apr-14,External,479,407
hecs debt,Apr-14,Internal,10,8
car allowance,Apr-14,External,584,375
car allowance,Apr-14,Internal,4,4
inheritance,Apr-14,External,687,283
inheritance,Apr-14,Internal,63,23
payment summary,Apr-14,External,436,335
payment summary,Apr-14,Internal,34,32
hobby,Apr-14,External,437,280
hobby,Apr-14,Internal,42,33
change address,Apr-14,External,493,425
